"Segment"	"en-ZZ"	"lv-LV"	"ID"	"File"
"3694"	"Click on a choice to answer the question.&lt;/i&gt;"	"Noklikšķini uz atbildes varianta, lai atbildētu uz jautājumu. &lt;/i&gt;"	"R558_question6_itemDirections_56fc786b0f3f55.03223461_1_0"	"PISA_lav-LVA_REA_R558-MicrowaveOvens_en18_MS2022.xlf"
"2356"	"&lt;b&gt;Book Survey&lt;/b&gt;&lt;br /&gt;"	"&lt;b&gt;Grāmatu aptauja&lt;/b&gt;&lt;br /&gt;"	"R547_question9_itemTitle_56fc782e1235b3.18384103_0_0"	"PISA_lav-LVA_REA_R547-BookSurvey_en18_MS2022.xlf"
"587"	"Antarctic Circle"	"Dienvidu polārais
loks"	"R220_stimulus_label5_50d3746bdc7b49.16883342_0"	"PISA_lav-LVA_REA_R220-SouthPole_en15_MS2022.xlf"
"3454"	"Click on a choice to answer the question.&lt;/i&gt;"	"Noklikšķini uz atbildes varianta, lai atbildētu uz jautājumu. &lt;/i&gt;"	"R556_question5_itemDirections_56fc783ac89735.55151724_1_0"	"PISA_lav-LVA_REA_R556-Microlending_en18_MS2022.xlf"
"4668"	"Click on the NEXT arrow to read the brochure."	"Uzklikšķini uz bultiņas  un izlasi brošūru."	"q00body_q00p3_56fc783b5af5d9.50141633_0"	"PISA_lav-LVA_REA_R564-SebastiaoSalgado_en18_MS2022.xlf"
"3497"	"Click on a choice to answer the question.&lt;/i&gt;"	"Noklikšķini uz atbildes varianta, lai atbildētu uz jautājumu. &lt;/i&gt;"	"R556_question9_itemDirections9_56fc783add6b18.78125777_1_0"	"PISA_lav-LVA_REA_R556-Microlending_en18_MS2022.xlf"
"3617"	"&lt;i&gt;Read the information below."	"&lt;i&gt;Izlasi zemāk redzamo informāciju."	"question00b_1_itemDirections00_56fc786b079021.97854133_0_0"	"PISA_lav-LVA_REA_R558-MicrowaveOvens_en18_MS2022.xlf"
"5520"	"Refer to the Web Search on the right."	"Izmanto informāciju no tīmekļa meklēšanas, kas atrodas pa labi."	"R568_question01_q01itemDirections_56fc784aa350d1.09869742_0_0"	"PISA_lav-LVA_REA_R568-SpaceDebris_en18_MS2022.xlf"
"3778"	"Then click on the NEXT arrow."	"tad noklikšķini uz bultiņas."	"q00body_q00itemDirections_56fc783b2348f3.80349298_1_0"	"PISA_lav-LVA_REA_R559-NaliniNadkarni_en18_MS2022.xlf"
"5825"	"Playground"	"Rotaļu laukumā"	"q5R569_question_question05_4_56fc7879535184.90433446_0"	"PISA_lav-LVA_REA_R569-TheCleanup_en18_MS2022.xlf"
"5649"	"Then click on the NEXT arrow."	"tad noklikšķini uz bultiņas."	"q0b-body_q0b-itemDirections_56fc784ab20015.89980695_1_0"	"PISA_lav-LVA_REA_R568-SpaceDebris_en18_MS2022.xlf"
"5002"	"Then click on the NEXT arrow."	"tad noklikšķini uz bultiņas."	"q00a-body_q00a-itemDirections_56fc786b7b49b2.24533594_1_0"	"PISA_lav-LVA_REA_R566-SkelligRocks_en18_MS2022.xlf"
"2136"	"&lt;b&gt;Machu Picchu&lt;/b&gt;&lt;br /&gt;"	"&lt;b&gt;Makču Pikču &lt;/b&gt;&lt;br /&gt;"	"R545_question02_Q07itemTitle_56fc7821b1a680.87585418_0_0"	"PISA_lav-LVA_REA_R545-MachuPicchu_en18_MS2022.xlf"
"2281"	"&lt;i&gt;Refer to the School’s Email on the right."	"&lt;i&gt; Izmanto informāciju no skolas e-pasta, kas atrodas pa labi."	"R547_question01_itemDirections_56fc782e08b391.57814376_0_0"	"PISA_lav-LVA_REA_R547-BookSurvey_en18_MS2022.xlf"
"2800"	"Summer"	"Vasarā"	"R550_question01_question01_4_56fc785cdd69d2.83330291_0"	"PISA_lav-LVA_REA_R550-CliffPalace_en18_MS2022.xlf"
"4916"	"Type your answer to the question.&lt;/i&gt;"	"Uzraksti savu atbildi uz jautājumu. &lt;/i&gt;"	"R565_question9_itemDirections_56fc785d64abb5.53582901_1_0"	"PISA_lav-LVA_REA_R565-SittingDisease_en18_MS2022.xlf"
"1125"	"&lt;b&gt;Building a Legend&lt;/b&gt;&lt;br /&gt;"	"&lt;b&gt;Leģendas radīšana &lt;/b&gt;&lt;br /&gt;"	"R540Q03Body_Q03itemTitle_56fc7820b2dd64.25916814_0_0"	"PISA_lav-LVA_REA_R540-BuildingALegend_en18_MS2022.xlf"
"3270"	"Products made from honey"	"No medus gatavoti produkti."	"R553_question4_question04_4_56fc784a600149.50110116_1_0"	"PISA_lav-LVA_REA_R553-HealthForum_en18_MS2022.xlf"
"4182"	"Use drag and drop to answer the question."	"Aizvelc atbildi pie jautājuma."	"R561_question05_q05itemDirections_56fc785d2dbd00.55276440_1_0"	"PISA_lav-LVA_REA_R561-OlympicFlag_en18_MS2022.xlf"
"5827"	"Parking Lot"	"Autostāvvietā"	"q5R569_question_question05_6_56fc7879535924.61187469_0"	"PISA_lav-LVA_REA_R569-TheCleanup_en18_MS2022.xlf"
"3387"	"Click on a choice to answer the question.&lt;/i&gt;"	"Noklikšķini uz atbildes varianta, lai atbildētu uz jautājumu. &lt;/i&gt;"	"R556_question1_itemDirections_56fc783ac17050.91870088_1_0"	"PISA_lav-LVA_REA_R556-Microlending_en18_MS2022.xlf"
"5136"	"Click on a choice and then type an explanation to answer the question."	"Noklikšķini uz atbildes varianta, un tad uzraksti skaidrojumu, lai atbildētu uz jautājumu."	"R566_question09_q09itemDirections_56fc786b8ffd83.26531494_1_0"	"PISA_lav-LVA_REA_R566-SkelligRocks_en18_MS2022.xlf"
"1848"	"Click on the NEXT arrow to read the first source."	"Noklikšķini uz bultiņas, lai izlasītu pirmo informācijas avotu."	"question0a_1_q00p2_56fc782164ea92.65756040_0"	"PISA_lav-LVA_REA_R544-Tesla_en18_MS2022.xlf"
"4457"	"Date"	"Datums"	"R563-stimulus-communtity_stimulus_culture_sports_10_56fc786b382e91.01452399_0"	"PISA_lav-LVA_REA_R563-QuestionOfTheWeek_en18_MS2022.xlf"
"4029"	"Then click on the NEXT arrow."	"tad noklikšķini uz bultiņas."	"q00bbody_q00bitemDirections_56fc784a8325e9.36857198_1_0"	"PISA_lav-LVA_REA_R560-GarbagePatch_en18_MS2022.xlf"
"2250"	"&lt;b&gt;Book Survey&lt;/b&gt;&lt;br /&gt;"	"&lt;b&gt;Grāmatu aptauja&lt;/b&gt;&lt;br /&gt;"	"R547_question01_itemTitle_56fc782e045468.77144273_0_0"	"PISA_lav-LVA_REA_R547-BookSurvey_en18_MS2022.xlf"
"2523"	"&lt;b&gt;Message in a Bottle&lt;/b&gt;&lt;br /&gt;"	"&lt;b&gt;Vēstule pudelē &lt;/b&gt;&lt;br /&gt;"	"R549_question03_q03itemTitle_56fc786ace3733.75472591_0_0"	"PISA_lav-LVA_REA_R549-MessageInABottle_en18_MS2022.xlf"
"4730"	"Type your answer to the question."	"Uzraksti atbildi uz jautājumu."	"R564_question05_q05itemDirections_56fc783b60b828.68348774_1_0"	"PISA_lav-LVA_REA_R564-SebastiaoSalgado_en18_MS2022.xlf"
"4738"	"Type your answer to the question."	"Uzraksti atbildi uz jautājumu."	"R564_question06_q06itemDirections_56fc783b61d750.86234618_1_0"	"PISA_lav-LVA_REA_R564-SebastiaoSalgado_en18_MS2022.xlf"
"2758"	"Hours"	"&lt;b&gt;Darba laiks&lt;/b&gt;"	"R550_map_map_l7_56fc785cd19538.42274869_0"	"PISA_lav-LVA_REA_R550-CliffPalace_en18_MS2022.xlf"
"2264"	"&lt;b&gt;Book Survey&lt;/b&gt;&lt;br /&gt;"	"&lt;b&gt; Grāmatu aptauja&lt;/b&gt;&lt;br /&gt;"	"R547_question2_itemTitle_56fc782e071323.16058035_0_0"	"PISA_lav-LVA_REA_R547-BookSurvey_en18_MS2022.xlf"
"1701"	"Type your answer to the question.&lt;/i&gt;"	"Uzraksti savu atbildi uz jautājumu. &lt;/i&gt;"	"R543_question4_itemDirections_56fc7821381578.06834284_1_0"	"PISA_lav-LVA_REA_R543-Nobel_en18_MS2022.xlf"
"358"	"&lt;b&gt;South Pole&lt;/b&gt;&lt;br /&gt; Question"	"&lt;b&gt;DIENVIDPOLS&lt;/b&gt;&lt;br /&gt; jautājums"	"R220_question_itemTitle_50d3746bc80de3.34465355_0"	"PISA_lav-LVA_REA_R220-SouthPole_en15_MS2022.xlf"
"4206"	"Click on a choice and then type an explanation to answer the question."	"Noklikšķini uz atbildes varianta, un tad uzraksti skaidrojumu, lai atbildētu uz jautājumu."	"R561_question07_q07itemDirections_56fc785d30dd05.49847214_1_0"	"PISA_lav-LVA_REA_R561-OlympicFlag_en18_MS2022.xlf"
"5942"	"Click on the NEXT arrow to read the story."	"Noklikšķini uz bultiņas, lai izlasītu pasaciņu."	"q00c-body_q00c-p2_56fc787976c2f9.32730316_0"	"PISA_lav-LVA_REA_R570-TheFavour_en18_MS2022.xlf"
"371"	"&lt;b&gt;South Pole&lt;/b&gt;&lt;br /&gt; Question"	"&lt;b&gt;DIENVIDPOLS&lt;/b&gt;&lt;br /&gt; jautājums"	"R220_question_itemTitle_50d3746bc9b523.73147292_0"	"PISA_lav-LVA_REA_R220-SouthPole_en15_MS2022.xlf"
"5637"	"Type your answer to the question."	"Uzraksti atbildi uz jautājumu."	"R568_question09_q09itemDirections_56fc784aaf50f2.75963302_1_0"	"PISA_lav-LVA_REA_R568-SpaceDebris_en18_MS2022.xlf"
"5386"	"Then click on the NEXT arrow."	"tad noklikšķini uz bultiņas."	"q0b-body_q0b-itemDirections_56fc78791b8ef9.93560623_1_0"	"PISA_lav-LVA_REA_R567-SmokeJumpers_en18_MS2022.xlf"
"2004"	"Type your answer to the question.&lt;/i&gt;"	"Uzraksti atbildi uz jautājumu.&lt;/i&gt;"	"R544_question8_itemDirections_56fc7821801f42.81584931_1_0"	"PISA_lav-LVA_REA_R544-Tesla_en18_MS2022.xlf"
"3440"	"Click on a choice to answer the question.&lt;/i&gt;"	"Noklikšķini uz atbildes varianta, lai atbildētu uz jautājumu. &lt;/i&gt;"	"R556_question4_itemDirections_56fc783ac6fbe2.90493965_1_0"	"PISA_lav-LVA_REA_R556-Microlending_en18_MS2022.xlf"
"6148"	"Then click on the NEXT arrow."	"tad noklikšķini uz bultiņas."	"q0aR590_question_q0aitemDirections_56fd231113fc59.68937271_1_0"	"PISA_lav-LVA_REA_R590-Sentences01_en18_MS2022.xlf"
"5775"	"Use drag and drop to answer the question."	"Aizvelc atbildi pie jautājuma."	"q2R569_question_q02itemDirections_56fc78794f33a1.24376468_1_0"	"PISA_lav-LVA_REA_R569-TheCleanup_en18_MS2022.xlf"
"6159"	"Then click on the NEXT arrow."	"tad noklikšķini uz bultiņas."	"q0cR590_question_q0citemDirections_56fd2311163946.15922865_1_0"	"PISA_lav-LVA_REA_R590-Sentences01_en18_MS2022.xlf"
"5013"	"Then click on the NEXT arrow."	"tad noklikšķini uz bultiņas."	"q00c-body_q00c-itemDirections_56fc786b7db3f5.52043399_1_0"	"PISA_lav-LVA_REA_R566-SkelligRocks_en18_MS2022.xlf"
"4664"	"Then click on the NEXT arrow."	"tad noklikšķini uz bultiņas."	"q00body_q00itemDirections_56fc783b5aea95.72363860_1_0"	"PISA_lav-LVA_REA_R564-SebastiaoSalgado_en18_MS2022.xlf"
"2122"	"&lt;b&gt;Machu Picchu&lt;/b&gt;&lt;br /&gt;"	"&lt;b&gt;Maču Pikču&lt;/b&gt;&lt;br /&gt;"	"R545_question02_Q06itemTitle_56fc7821b05023.45904023_0_0"	"PISA_lav-LVA_REA_R545-MachuPicchu_en18_MS2022.xlf"
"2374"	"Each nominated book must cost less than 25 zeds"	"Katras nominētās grāmatas cena nedrīkst pārsniegt 25 zedus."	"R547_question10_q10l1i4_56fc782e14a4a6.26695589_0"	"PISA_lav-LVA_REA_R547-BookSurvey_en18_MS2022.xlf"
"4920"	"Web Search"	"Meklējumi internetā"	"R566_stimulus02_pg02h1_56fc786b739df1.59155193_0"	"PISA_lav-LVA_REA_R566-SkelligRocks_en18_MS2022.xlf"
"2615"	"Click on either &lt;b&gt;Yes&lt;/b&gt; or &lt;b&gt;No&lt;/b&gt; for each statement."	"Noklikšķini uz &lt;b&gt;Jā&lt;/b&gt; vai &lt;b&gt;Nē&lt;/b&gt;  pie katra apgalvojuma."	"R549_question09_q09p1_56fc786ad74676.94123719_1_0"	"PISA_lav-LVA_REA_R549-MessageInABottle_en18_MS2022.xlf"
"5312"	"True"	"Pareizs"	"R567_question08_q08tr1th2_56fc7879157d44.48840269_0"	"PISA_lav-LVA_REA_R567-SmokeJumpers_en18_MS2022.xlf"
"1955"	"Click on the choices in the table to answer the question.&lt;/i&gt;"	"Noklikšķini uz atbilžu variantiem tabulā, lai atbildētu uz jautājumu.&lt;/i&gt;"	"R544_question4_itemDirections_56fc78217afe38.91956313_1_0"	"PISA_lav-LVA_REA_R544-Tesla_en18_MS2022.xlf"
"5824"	"Benches"	"Uz soliem"	"q5R569_question_question05_3_56fc7879534d97.39141400_0"	"PISA_lav-LVA_REA_R569-TheCleanup_en18_MS2022.xlf"
"2013"	"Click on a choice to answer the question.&lt;/i&gt;"	"Izvēlies atbildi uz jautājumu un uzklikšķini uz tās.&lt;/i&gt;"	"R544_question9_itemDirections_56fc782181a288.51990939_1_0"	"PISA_lav-LVA_REA_R544-Tesla_en18_MS2022.xlf"
"4294"	"&lt;b&gt;Opening Night&lt;/b&gt;&lt;br /&gt;"	"&lt;b&gt;Pirmizrāde&lt;/b&gt;&lt;br /&gt;"	"R562_question02_q02itemTitle_56fc783b419537.95191742_0_0"	"PISA_lav-LVA_REA_R562-OpeningNight_en18_MS2022.xlf"
"5747"	"Then click on the NEXT arrow."	"tad noklikšķini uz bultiņas."	"q00b-body_q00b-itemDirections_56fc78794c5e44.05134546_1_0"	"PISA_lav-LVA_REA_R569-TheCleanup_en18_MS2022.xlf"
"2930"	"&lt;b&gt;Sent:&lt;/b&gt; 22 March 2015"	"&lt;b&gt; Sūtīts:&lt;/b&gt;2015. gada 22. martā"	"pg1_stimulus_pg1-li3-3_56fd7942572183.74944699_0"	"PISA_lav-LVA_REA_R552-FestiRock_en18_MS2022.xlf"
"519"	"continuous&lt;br /&gt;daylight"	"nepārtraukta
dienas&lt;br /&gt;gaisma"	"R220_stimulus_label6_50d3746bd5dc64.67929071_0"	"PISA_lav-LVA_REA_R220-SouthPole_en15_MS2022.xlf"
"3680"	"Click on a choice to answer the question.&lt;/i&gt;"	"Noklikšķini uz atbildes varianta, lai atbildētu uz jautājumu. &lt;/i&gt;"	"R558_question5_itemDirections_56fc786b0dd1f3.21650180_1_0"	"PISA_lav-LVA_REA_R558-MicrowaveOvens_en18_MS2022.xlf"
"2631"	"&lt;b&gt;Message in a Bottle&lt;/b&gt;&lt;br /&gt;"	"&lt;b&gt;Vēstule pudelē &lt;/b&gt;&lt;br /&gt;"	"R549_question10_q10itemTitle_56fc786ad943c0.06569471_0_0"	"PISA_lav-LVA_REA_R549-MessageInABottle_en18_MS2022.xlf"
"2492"	"Then click on the NEXT arrow."	"tad noklikšķini uz bultiņas."	"q00b-body_q00b-itemDirections_56fc786acb26b7.77035141_1_0"	"PISA_lav-LVA_REA_R549-MessageInABottle_en18_MS2022.xlf"
"5543"	"False"	"Nepareizs"	"R568_question02_q02tr1th3_56fc784aa48033.97482900_0"	"PISA_lav-LVA_REA_R568-SpaceDebris_en18_MS2022.xlf"
"4944"	"Website"	"Interneta vietne"	"R566_Stimulus04_stimulus4_6_56fc786b7611d9.06257189_0"	"PISA_lav-LVA_REA_R566-SkelligRocks_en18_MS2022.xlf"
"520"	"continuous&lt;br /&gt;daylight"	"nepārtraukta
dienas
&lt;br /&gt;gaisma"	"R220_stimulus_label7_50d3746bd5df70.27415238_0"	"PISA_lav-LVA_REA_R220-SouthPole_en15_MS2022.xlf"
"5374"	"Then click on the NEXT arrow."	"tad noklikšķini uz bultiņas."	"q0a-body_q0a-itemDirections_56fc787919c1f3.79340677_1_0"	"PISA_lav-LVA_REA_R567-SmokeJumpers_en18_MS2022.xlf"
"4500"	"Then click on the NEXT arrow."	"tad noklikšķini uz bultiņas."	"q00-body_q00-itemDirections_56fc786b3bd0d1.16007011_1_0"	"PISA_lav-LVA_REA_R563-QuestionOfTheWeek_en18_MS2022.xlf"
"5313"	"False"	"Nepareizs"	"R567_question08_q08tr1th3_56fc7879157fc1.91910008_0"	"PISA_lav-LVA_REA_R567-SmokeJumpers_en18_MS2022.xlf"
"1708"	"Click on a choice to answer the question.&lt;/i&gt;"	"Noklikšķini uz atbildes varianta, lai atbildētu uz jautājumu. &lt;/i&gt;"	"R543_question5_itemDirections_56fc782139b537.51630220_1_0"	"PISA_lav-LVA_REA_R543-Nobel_en18_MS2022.xlf"
"3019"	"Then click on the NEXT arrow."	"tad noklikšķini uz bultiņas."	"q00a-body_q00a-itemDirections_56fd79425c7be5.80957375_1_0"	"PISA_lav-LVA_REA_R552-FestiRock_en18_MS2022.xlf"
"2298"	"&lt;b&gt;Book Survey&lt;/b&gt;&lt;br /&gt;"	"&lt;b&gt; Grāmatu aptauja&lt;/b&gt;&lt;br /&gt;"	"R547_question5_itemTitle_56fc782e0b46d3.09014801_0_0"	"PISA_lav-LVA_REA_R547-BookSurvey_en18_MS2022.xlf"
"3745"	"Home Health Journal"	"Uz Veselīgas mājas žurnāla vietni"	"R558_question09_question09_2_56fc786b14f771.92248344_0"	"PISA_lav-LVA_REA_R558-MicrowaveOvens_en18_MS2022.xlf"
"4849"	"&lt;b&gt;Sitting Disease&lt;/b&gt;&lt;br /&gt;"	"&lt;b&gt;Sēdēšanas slimība &lt;/b&gt;&lt;br /&gt;"	"R565_question4_itemTitle_56fc785d5db070.97576174_0_0"	"PISA_lav-LVA_REA_R565-SittingDisease_en18_MS2022.xlf"
"4810"	"Then click on the NEXT arrow.&lt;/i&gt;"	"tad uzklišķini uz bultiņas.&lt;/i&gt;"	"question00a_1_itemDirections00_56fc785d589cb2.39315232_1_0"	"PISA_lav-LVA_REA_R565-SittingDisease_en18_MS2022.xlf"
"2278"	"&lt;b&gt;Book Survey&lt;/b&gt;&lt;br /&gt;"	"&lt;b&gt;Grāmatu aptauja&lt;/b&gt;&lt;br /&gt;"	"R547_question01_itemTitle_56fc782e08ac82.92618959_0_0"	"PISA_lav-LVA_REA_R547-BookSurvey_en18_MS2022.xlf"
"5602"	"Click on either &lt;b&gt;Yes&lt;/b&gt; or &lt;b&gt;No&lt;/b&gt; for each statement."	"Noklikšķini uz &lt;b&gt;Jā&lt;/b&gt; vai &lt;b&gt;Nē&lt;/b&gt; līdzās katram apgalvojumam."	"R568_question07_q07p1_56fc784aab9828.09212164_1_0"	"PISA_lav-LVA_REA_R568-SpaceDebris_en18_MS2022.xlf"
"5924"	"Then click on the NEXT arrow."	"tad noklikšķini uz bultiņas."	"q00a-body_q00a-itemDirections_56fc787974a2a3.06881981_1_0"	"PISA_lav-LVA_REA_R570-TheFavour_en18_MS2022.xlf"
"4856"	"&lt;b&gt;Sitting Disease&lt;/b&gt;&lt;br /&gt;"	"&lt;b&gt;Sēdēšanas slimība &lt;/b&gt;&lt;br /&gt;"	"R565_question5_itemTitle_56fc785d5ef020.15207260_0_0"	"PISA_lav-LVA_REA_R565-SittingDisease_en18_MS2022.xlf"
"2378"	"Graphic Novel/ Comics&lt;br/&gt;28%"	"Ilustrētie romāni/komiksi &lt;br/&gt;28%"	"R547_question10_comicsLbl_56fc782e14b486.46787487_0"	"PISA_lav-LVA_REA_R547-BookSurvey_en18_MS2022.xlf"
"2802"	"Winter"	"Ziemā"	"R550_question01_question01_6_56fc785cdd7479.34532891_0"	"PISA_lav-LVA_REA_R550-CliffPalace_en18_MS2022.xlf"
"6171"	"Click &lt;b&gt;YES&lt;/b&gt; if the sentence makes sense."	"Noklikšķini uz &lt;b&gt;JĀ&lt;/b&gt;, ja teikums ir loģisks."	"q3R590_question_q3p1_56fd23111960a4.54446684_1_0"	"PISA_lav-LVA_REA_R590-Sentences01_en18_MS2022.xlf"
"513"	"&lt;b&gt;SOUTH POLE - Document 2&lt;/b&gt;"	"&lt;b&gt;DIENVIDPOLS &amp;mdash; 2. DOKUMENTS&lt;/b&gt;"	"R220_stimulus_title_50d3746bd5c949.09931296_0"	"PISA_lav-LVA_REA_R220-SouthPole_en15_MS2022.xlf"
"3251"	"&lt;b&gt;Teen Health Forum&lt;/b&gt;&lt;br /&gt;"	"&lt;b&gt; Pusaudžu veselības forums&lt;/b&gt;&lt;br /&gt;"	"R553_question_q03itemTitle_56fc784a5eb650.18801947_0_0"	"PISA_lav-LVA_REA_R553-HealthForum_en18_MS2022.xlf"
"5927"	"&lt;b&gt;The Favour&lt;/b&gt;&lt;br /&gt;"	"&lt;b&gt;Lūgums&lt;/b&gt;&lt;br /&gt;"	"q00b-body_itemTitle00b_56fc787975ab49.86902513_0"	"PISA_lav-LVA_REA_R570-TheFavour_en18_MS2022.xlf"
"4021"	"Then click on the NEXT arrow."	"tad noklikšķini uz bultiņas."	"q00abody_q00aitemDirections_56fc784a8205f2.33738515_1_0"	"PISA_lav-LVA_REA_R560-GarbagePatch_en18_MS2022.xlf"
"2328"	"&lt;b&gt;Book Survey&lt;/b&gt;&lt;br /&gt;"	"&lt;b&gt;Grāmatu aptauja&lt;/b&gt;&lt;br /&gt;"	"R547_question7_itemTitle_56fc782e0f7710.10056702_0_0"	"PISA_lav-LVA_REA_R547-BookSurvey_en18_MS2022.xlf"
"4814"	"&lt;b&gt;Sitting Disease&lt;/b&gt;&lt;br /&gt;"	"&lt;b&gt;Sēdēšanas slimība &lt;/b&gt;&lt;br /&gt;"	"R565_question01_itemTitle_56fc785d599e01.30040304_0_0"	"PISA_lav-LVA_REA_R565-SittingDisease_en18_MS2022.xlf"
"2101"	"Is the statement true or false?"	"Vai saskaņā ar brošūru šis apgalvojums ir pareizs vai nepareizs?"	"R545_question03_Q03tr1th1_56fc7821ad8e59.97792072_0"	"PISA_lav-LVA_REA_R545-MachuPicchu_en18_MS2022.xlf"
"1068"	"Between £60 and £149.99&lt;br /&gt;"	"No €60 līdz €149,99&lt;br /&gt;"	"R466_stimulus_sect3left_50d37b1d107ea2.30701857_0"	"PISA_lav-LVA_REA_R466-WorkRight_en15_MS2022.xlf"
"4310"	"&lt;b&gt;Opening Night&lt;/b&gt;&lt;br /&gt;"	"&lt;b&gt;Pirmizrāde&lt;/b&gt;&lt;br /&gt;"	"R562_question04_q04itemTitle_56fc783b43af26.64213643_0_0"	"PISA_lav-LVA_REA_R562-OpeningNight_en18_MS2022.xlf"
"2245"	"Then click on the Next arrow."	"tad noklikšķini uz bultiņas."	"q00bbody_question00b_1_56fc782e013a23.58004393_1_0"	"PISA_lav-LVA_REA_R547-BookSurvey_en18_MS2022.xlf"
"5844"	"Click on a choice and then type an explanation to answer the question."	"Noklikšķini uz atbildes varianta, un tad uzraksti skaidrojumu, lai atbildētu uz jautājumu."	"q7R569_question_q7itemDirections_56fc7879565396.04415883_1_0"	"PISA_lav-LVA_REA_R569-TheCleanup_en18_MS2022.xlf"
"2153"	"Refer to “Visit Majestic Machu Picchu” on the right."	"Izmanto informāciju &quot;Apmeklējiet majestātisko Maču Pikču&quot;, kas atrodas pa labi."	"R545_question04_Q09itemDirections_56fc7821b30c73.16221683_0_0"	"PISA_lav-LVA_REA_R545-MachuPicchu_en18_MS2022.xlf"
"500"	"his disappointment"	"vīlies,"	"R220_stimulus_stimulusH_5_50d3746bd39ba9.85212876_0"	"PISA_lav-LVA_REA_R220-SouthPole_en15_MS2022.xlf"
"4750"	"Japan"	"Japānā"	"Page1_stimulus_stimulusTab1_2_56fc785d529ea3.01490218_0"	"PISA_lav-LVA_REA_R565-SittingDisease_en18_MS2022.xlf"
"5123"	"✓ &lt;i&gt;Remember to select &lt;b&gt;one or more&lt;/b&gt; boxes.&lt;/i&gt;"	"&amp;check; &lt;i&gt;Neaizmirsti atzīmēt &lt;b&gt;vienu vai vairākus &lt;/b&gt;lodziņus.&lt;/i&gt;"	"R566_question08_q08p2_56fc786b8e20a7.54435316_0"	"PISA_lav-LVA_REA_R566-SkelligRocks_en18_MS2022.xlf"
"567"	"&lt;b&gt;SOUTH POLE - Document 1&lt;/b&gt;"	"&lt;b&gt;DIENVIDPOLS &amp;mdash; 1. DOKUMENTS  &lt;/b&gt;"	"R220_stimulus_title_50d3746bd94eb6.58926019_0"	"PISA_lav-LVA_REA_R220-SouthPole_en15_MS2022.xlf"
"5246"	"Give one example."	"Mini vienu piemēru."	"R567_question03_q03p2_56fc78790e6a67.23961686_0"	"PISA_lav-LVA_REA_R567-SmokeJumpers_en18_MS2022.xlf"
"4740"	"And it was my privilege to listen.”&lt;/i&gt;"	"Un mana privilēģija bija klausīties.&quot;&lt;/i&gt;"	"R564_question06_q06p1_56fc783b61dba1.37708657_1_0"	"PISA_lav-LVA_REA_R564-SebastiaoSalgado_en18_MS2022.xlf"
"2268"	"Click on a choice to answer the question.&lt;/i&gt;"	"Noklikšķini uz atbildes varianta, lai atbildētu uz jautājumu. &lt;/i&gt;"	"R547_question2_itemDirections_56fc782e072020.06902189_1_0"	"PISA_lav-LVA_REA_R547-BookSurvey_en18_MS2022.xlf"
"4106"	"Then click on the NEXT arrow."	"tad noklikšķini uz bultiņas."	"q00a-body_q00a-p1_56fc785d252639.73865870_1_0"	"PISA_lav-LVA_REA_R561-OlympicFlag_en18_MS2022.xlf"
"2097"	"Refer to “Visit Majestic Machu Picchu” on the right."	"Izmanto informāciju &quot;Apmeklējiet majestātisko Maču Pikču&quot;, kas atrodas pa labi."	"R545_question03_Q03itemDirections_56fc7821ad84c2.36903751_0_0"	"PISA_lav-LVA_REA_R545-MachuPicchu_en18_MS2022.xlf"
"1903"	"Click on a choice and then type an explanation to answer the question.&lt;/i&gt;"	"Izvēlies atbildi uz jautājumu un uzklikšķini uz tās, tad rakstiski paskaidro savu atbildi.&lt;/i&gt;"	"R544_question12_itemDirections_56fc78216b9a04.98619256_1_0"	"PISA_lav-LVA_REA_R544-Tesla_en18_MS2022.xlf"
"5144"	"Web Search"	"Meklējumi internetā"	"R567_stimulus2_pg02h1_56fc7879064c57.20721994_0"	"PISA_lav-LVA_REA_R567-SmokeJumpers_en18_MS2022.xlf"
"3217"	"&lt;i&gt;Read the information below."	"&lt;i&gt;Izlasi zemāk redzamo informāciju."	"question00b_1_itemDirections0b_56fc784a5b0b61.65001921_0_0"	"PISA_lav-LVA_REA_R553-HealthForum_en18_MS2022.xlf"
"3378"	"Then click on the NEXT arrow.&lt;/i&gt;"	"Tad noklikšķini uz bultiņas.&lt;/i&gt;"	"question00_itemDirections00_56fc783ab76215.52042641_1_0"	"PISA_lav-LVA_REA_R556-Microlending_en18_MS2022.xlf"
"1889"	"Click on a choice to answer the question.&lt;/i&gt;"	"Izvēlies atbildi uz jautājumu un uzklikšķini uz tās. &lt;/i&gt;"	"R544_question11_itemDirections_56fc782169f054.65729882_1_0"	"PISA_lav-LVA_REA_R544-Tesla_en18_MS2022.xlf"
"5644"	"Then click on the NEXT arrow."	"tad noklikšķini uz bultiņas."	"q0a-body_q0a-itemDirections_56fc784ab0be40.63295573_1_0"	"PISA_lav-LVA_REA_R568-SpaceDebris_en18_MS2022.xlf"
"6174"	"&lt;i&gt;Read the information below."	"&lt;i&gt;Izlasi zemāk redzamo informāciju,"	"q00body_q00itemDirections_56fd23111a5057.38756393_0_0"	"PISA_lav-LVA_REA_R590-Sentences01_en18_MS2022.xlf"
"5378"	"Click on the NEXT arrow to read the webpage."	"Uzklikšķini uz bultiņas un izlasi interneta vietni."	"q0a-body_q0a-p3_56fc787919cf45.17795726_0"	"PISA_lav-LVA_REA_R567-SmokeJumpers_en18_MS2022.xlf"
"3123"	"Click on a choice and then type an explanation to answer the question."	"Noklikšķini uz atbildes varianta, un tad uzraksti skaidrojumu, lai atbildētu uz jautājumu."	"R552_question08_q08itemDirections_56fd79426a23e6.65077049_1_0"	"PISA_lav-LVA_REA_R552-FestiRock_en18_MS2022.xlf"
"2249"	"Then click on the Next arrow."	"tad noklikšķini uz bultiņas."	"q00bbody_question00c_1_56fc782e029172.52657575_1_0"	"PISA_lav-LVA_REA_R547-BookSurvey_en18_MS2022.xlf"
"4316"	"&lt;b&gt;Opening Night&lt;/b&gt;&lt;br /&gt;"	"&lt;b&gt;Pirmizrāde&lt;/b&gt;&lt;br /&gt;"	"R562_question05_q05itemTitle_56fc783b44dd42.19551287_0_0"	"PISA_lav-LVA_REA_R562-OpeningNight_en18_MS2022.xlf"
"5039"	"&lt;b&gt;The Skellig Rocks&lt;/b&gt;&lt;br /&gt;"	"&lt;b&gt;Skeligrokas salas &lt;/b&gt;&lt;br /&gt;"	"R566_question03_q03itemTitle_56fc786b847d26.83461585_0_0"	"PISA_lav-LVA_REA_R566-SkelligRocks_en18_MS2022.xlf"
"5826"	"Football Field"	"Futbola laukumā"	"q5R569_question_question05_5_56fc7879535569.34262971_0"	"PISA_lav-LVA_REA_R569-TheCleanup_en18_MS2022.xlf"
"5571"	"Type your answer to the question."	"Uzraksti atbildi uz jautājumu."	"R568_question04_q04itemDirections_56fc784aa79954.99366440_1_0"	"PISA_lav-LVA_REA_R568-SpaceDebris_en18_MS2022.xlf"
"4898"	"&lt;b&gt;Sitting Disease&lt;/b&gt;&lt;br /&gt;"	"&lt;b&gt;Sēdēšanas slimība &lt;/b&gt;&lt;br /&gt;"	"R565_question8_itemTitle_56fc785d634517.47268584_0_0"	"PISA_lav-LVA_REA_R565-SittingDisease_en18_MS2022.xlf"
"6175"	"Then click on the NEXT arrow.&lt;/i&gt;"	"tad noklišķini uz bultiņas.&lt;/i&gt;"	"q00body_q00itemDirections_56fd23111a5057.38756393_1_0"	"PISA_lav-LVA_REA_R590-Sentences01_en18_MS2022.xlf"
"5384"	"&lt;b&gt;Smokejumpers&lt;/b&gt;&lt;br /&gt;"	"&lt;b&gt;Gaisa ugunsdzēsēji&lt;/b&gt;&lt;br /&gt;"	"q0b-body_itemTitle0b_56fc78791b8bb1.21197988_0"	"PISA_lav-LVA_REA_R567-SmokeJumpers_en18_MS2022.xlf"
"5393"	"Click on a choice to answer the question."	"Izvēlies atbildi uz jautājumu un uzklikšķini uz tās."	"R568_question10_q10itemDirections_56fc78791dc480.80691911_1_0"	"PISA_lav-LVA_REA_R567-SmokeJumpers_en18_MS2022.xlf"
"4280"	"&lt;b&gt;Opening Night&lt;/b&gt;&lt;br /&gt;"	"&lt;b&gt;Pirmizrāde&lt;/b&gt;&lt;br /&gt;"	"R562_question01_q01itemTitle_56fc783b4081b5.03866160_0_0"	"PISA_lav-LVA_REA_R562-OpeningNight_en18_MS2022.xlf"
"5939"	"Then click on the NEXT arrow."	"tad noklikšķini uz bultiņas."	"q00c-body_q00c-itemDirections_56fc787976ba68.37031688_1_0"	"PISA_lav-LVA_REA_R570-TheFavour_en18_MS2022.xlf"
"4330"	"&lt;b&gt;Opening Night&lt;/b&gt;&lt;br /&gt;"	"&lt;b&gt;Pirmizrāde&lt;/b&gt;&lt;br /&gt;"	"R562_question06_q06itemTitle_56fc783b465787.29101936_0_0"	"PISA_lav-LVA_REA_R562-OpeningNight_en18_MS2022.xlf"
"6028"	"Click on a choice to answer the question."	"Izvēlies atbildi uz jautājumu un uzklikšķini uz tās."	"R570_question06_q06itemDirections_56fc78797f34f1.87101971_1_0"	"PISA_lav-LVA_REA_R570-TheFavour_en18_MS2022.xlf"
"2267"	"&lt;i&gt;Refer to the School’s Email on the right."	"&lt;i&gt; Izmanto informāciju no skolas e-pasta, kas atrodas pa labi."	"R547_question2_itemDirections_56fc782e072020.06902189_0_0"	"PISA_lav-LVA_REA_R547-BookSurvey_en18_MS2022.xlf"
"3744"	"Tyson Electronics"	"Uz Taisona elektronikas vietni"	"R558_question09_question09_1_56fc786b14f066.72805285_0"	"PISA_lav-LVA_REA_R558-MicrowaveOvens_en18_MS2022.xlf"
"5008"	"Then click on the NEXT arrow."	"tad noklikšķini uz bultiņas."	"q00b-body_q00b-itemDirections_56fc786b7c7802.60907040_1_0"	"PISA_lav-LVA_REA_R566-SkelligRocks_en18_MS2022.xlf"
"4134"	"Type your answer to the question."	"Noklikšķini uz atbildes varianta un tad ieraksti skaidrojumu savai atbildei uz jautājumu."	"R561_question02_q02itemDirections_56fc785d28cac5.31556981_1_0"	"PISA_lav-LVA_REA_R561-OlympicFlag_en18_MS2022.xlf"
"1902"	"&lt;i&gt;Refer to both sources on the right by clicking on each of the tabs."	"&lt;i&gt; Izpildi uzdevumus, balstoties uz abiem informācijas avotiem labajā pusē, uzklikšķinot uz katras no cilnēm."	"R544_question12_itemDirections_56fc78216b9a04.98619256_0_0"	"PISA_lav-LVA_REA_R544-Tesla_en18_MS2022.xlf"
"582"	"&lt;b&gt;SOUTH POLE - Document 2&lt;/b&gt;"	"&lt;b&gt;DIENVIDPOLS &amp;mdash; 2. DOKUMENTS&lt;/b&gt;"	"R220_stimulus_title_50d3746bdc6bd6.90694267_0"	"PISA_lav-LVA_REA_R220-SouthPole_en15_MS2022.xlf"
"4632"	"Type your answers to the questions."	"Uzraksti savu atbildi uz jautājumu."	"R563_question10_q10itemDirections_56fc786b4e31f5.41702157_1_0"	"PISA_lav-LVA_REA_R563-QuestionOfTheWeek_en18_MS2022.xlf"
"3237"	"&lt;b&gt;Teen Health Forum&lt;/b&gt;&lt;br /&gt;"	"&lt;b&gt; Pusaudžu veselības forums&lt;/b&gt;&lt;br /&gt;"	"R553_question2_q02itemTitle_56fc784a5d5d98.95342202_0_0"	"PISA_lav-LVA_REA_R553-HealthForum_en18_MS2022.xlf"
"2119"	"Refer to “Visit Majestic Machu Picchu” on the right."	"Izmanto informāciju &quot;Apmeklējiet majestātisko Maču Pikču&quot;, kas atrodas pa labi."	"R545_question04_Q04itemDirections_56fc7821af1393.01483290_0_0"	"PISA_lav-LVA_REA_R545-MachuPicchu_en18_MS2022.xlf"
"2282"	"Click on a choice to answer the question.&lt;/i&gt;"	"Noklikšķini uz atbildes varianta, lai atbildētu uz jautājumu. &lt;/i&gt;"	"R547_question01_itemDirections_56fc782e08b391.57814376_1_0"	"PISA_lav-LVA_REA_R547-BookSurvey_en18_MS2022.xlf"
"2102"	"True"	"Pareizs"	"R545_question03_Q03tr1th2_56fc7821ad9111.87122059_0"	"PISA_lav-LVA_REA_R545-MachuPicchu_en18_MS2022.xlf"
"1312"	"True"	"Pareizs"	"Q07_question_tr1th2_56fc7820d48a65.56061412_0"	"PISA_lav-LVA_REA_R541-Plastic_en18_MS2022.xlf"
"589"	"continuous&lt;br /&gt;daylight"	"nepārtraukta
dienas
&lt;br /&gt;gaisma"	"R220_stimulus_label7_50d3746bdc8153.05099723_0"	"PISA_lav-LVA_REA_R220-SouthPole_en15_MS2022.xlf"
"1042"	"is 10 years old&lt;br /&gt; And will reimburse you up to £"	"svin 10 gadus &lt;br /&gt; un atmaksā izdevumus līdz"	"R466_stimulus_line1_50d37b1d101bb1.99242418_0"	"PISA_lav-LVA_REA_R466-WorkRight_en15_MS2022.xlf"
"5929"	"Then click on the NEXT arrow."	"tad noklikšķini uz bultiņas."	"q00b-body_q00b-itemDirections_56fc787975ae90.73732058_1_0"	"PISA_lav-LVA_REA_R570-TheFavour_en18_MS2022.xlf"
"5310"	"Click on either &lt;b&gt;True&lt;/b&gt; or &lt;b&gt;False&lt;/b&gt; for each statement."	"Noklikšķini uz &lt;b&gt;Pareizs&lt;/b&gt; vai &lt;b&gt;Nepareizs&lt;/b&gt; pie katra apgalvojuma."	"R567_question08_q08p1_56fc78791575d5.59175189_1_0"	"PISA_lav-LVA_REA_R567-SmokeJumpers_en18_MS2022.xlf"
"2728"	"Hours"	"&lt;b&gt;Darba laiks&lt;/b&gt;"	"R550_hours_hours_l6_56fc785ccf84a4.37189250_0"	"PISA_lav-LVA_REA_R550-CliffPalace_en18_MS2022.xlf"
"4855"	"Give one example."	"Mini vienu piemēru."	"R565_question4_q04p2_56fc785d5dbe67.20096851_0"	"PISA_lav-LVA_REA_R565-SittingDisease_en18_MS2022.xlf"
"3426"	"Click on a choice to answer the question.&lt;/i&gt;"	"Noklikšķini uz atbildes varianta, lai atbildētu uz jautājumu. &lt;/i&gt;"	"R556_question3_itemDirections_56fc783ac55ff8.32442383_1_0"	"PISA_lav-LVA_REA_R556-Microlending_en18_MS2022.xlf"
"1064"	"Post code:"	"Pasta indekss :"	"R466_stimulus_line12_50d37b1d106979.26271048_0"	"PISA_lav-LVA_REA_R466-WorkRight_en15_MS2022.xlf"
"3014"	"Date:"	"Datums:"	"pg3_stimulus_pg3p9_56fd79425aaa51.78520711_0"	"PISA_lav-LVA_REA_R552-FestiRock_en18_MS2022.xlf"
"5636"	"Refer to both sources on the right by clicking on each of the tabs."	"Izmanto informāciju labajā pusē, noklikšķinot uz katras no cilnēm."	"R568_question09_q09itemDirections_56fc784aaf50f2.75963302_0_0"	"PISA_lav-LVA_REA_R568-SpaceDebris_en18_MS2022.xlf"
"588"	"continuous&lt;br /&gt;daylight"	"nepārtraukta
dienas
&lt;br /&gt;gaisma"	"R220_stimulus_label6_50d3746bdc7e47.56330457_0"	"PISA_lav-LVA_REA_R220-SouthPole_en15_MS2022.xlf"
"5655"	"Refer to both sources on the right by clicking on each of the tabs."	"Izmanto informāciju labajā pusē, noklikšķinot uz katras no cilnēm."	"R568_question10_q10itemDirections_56fc784ab36f21.34700073_0_0"	"PISA_lav-LVA_REA_R568-SpaceDebris_en18_MS2022.xlf"
"3483"	"Click on a choice to answer the question.&lt;/i&gt;"	"Noklikšķini uz atbildes varianta, lai atbildētu uz jautājumu. &lt;/i&gt;"	"R556_question8_itemDirections_56fc783adbd281.82516807_1_0"	"PISA_lav-LVA_REA_R556-Microlending_en18_MS2022.xlf"
"5106"	"✓ &lt;i&gt;Remember to select &lt;b&gt;one or more&lt;/b&gt; boxes.&lt;/i&gt;"	"&amp;check; &lt;i&gt;Neaizmirsti atzīmēt &lt;b&gt;vienu vai vairākus &lt;/b&gt;lodziņus.&lt;/i&gt;"	"R566_question07_q07p2_56fc786b8be128.35981027_0"	"PISA_lav-LVA_REA_R566-SkelligRocks_en18_MS2022.xlf"
"5647"	"&lt;b&gt;Space Debris&lt;/b&gt;&lt;br /&gt;"	"&lt;b&gt; Kosmosa atkritumi&lt;/b&gt;&lt;br /&gt;"	"q0b-body_itemTitle0b_56fc784ab1fd13.59797946_0"	"PISA_lav-LVA_REA_R568-SpaceDebris_en18_MS2022.xlf"
"3073"	"Click on either &lt;b&gt;Yes&lt;/b&gt; or &lt;b&gt;No&lt;/b&gt; for each statement."	"Noklikšķini uz &lt;b&gt;Jā&lt;/b&gt; vai &lt;b&gt;Nē&lt;/b&gt;  pie katra apgalvojuma."	"R552_question04_q04p1_56fd794262d554.82542321_1_0"	"PISA_lav-LVA_REA_R552-FestiRock_en18_MS2022.xlf"
"2003"	"&lt;i&gt;Refer to “Man of the Future” on the right."	"&lt;i&gt;Izpildi uzdevumus, balstoties uz informāciju, kas dota tekstā &quot;Nākotnes cilvēks&quot; labajā pusē."	"R544_question8_itemDirections_56fc7821801f42.81584931_0_0"	"PISA_lav-LVA_REA_R544-Tesla_en18_MS2022.xlf"
"3708"	"Click on a search result to answer the question.&lt;/i&gt;"	"Noklikšķini uz meklēšanas rezultāta, lai atbildētu uz jautājumu.&lt;/i&gt;"	"R558_question7_itemDirections_56fc786b10a3c6.39234435_1_0"	"PISA_lav-LVA_REA_R558-MicrowaveOvens_en18_MS2022.xlf"
"3262"	"Click on a choice to answer the question.&lt;/i&gt;"	"Noklikšķini uz atbildes varianta, lai atbildētu uz jautājumu. &lt;/i&gt;"	"R553_question4_q04itemDirections_56fc784a5fe943.11595551_1_0"	"PISA_lav-LVA_REA_R553-HealthForum_en18_MS2022.xlf"
"6072"	"Type your answer to the question."	"Uzraksti atbildi uz jautājumu."	"R570_question09_q09itemDirections_56fc7879881e32.81696271_1_0"	"PISA_lav-LVA_REA_R570-TheFavour_en18_MS2022.xlf"
"2486"	"Then click on the NEXT arrow."	"tad noklikšķini uz bultiņas."	"q00a-body_q00a-itemDirections_56fc786aca1045.24770633_1_0"	"PISA_lav-LVA_REA_R549-MessageInABottle_en18_MS2022.xlf"
"2572"	"&lt;b&gt;Message in a Bottle&lt;/b&gt;&lt;br /&gt;"	"&lt;b&gt;Vēstule pudelē &lt;/b&gt;&lt;br /&gt;"	"R549_question07_q07itemTitle_56fc786ad3f8b3.08618007_0_0"	"PISA_lav-LVA_REA_R549-MessageInABottle_en18_MS2022.xlf"
"1914"	"&lt;i&gt;Refer to both sources on the right by clicking on each of the tabs."	"&lt;i&gt;Izpildi uzdevumus, balstoties uz abiem informācijas avotiem labajā pusē, uzklikšķinot uz katras no cilnēm."	"R544_question13_itemDirections_56fc7821777325.89058352_0_0"	"PISA_lav-LVA_REA_R544-Tesla_en18_MS2022.xlf"
"4832"	"Type your answer to the question.&lt;/i&gt;"	"Uzraksti savu atbildi uz jautājumu. &lt;/i&gt;"	"R565_question2_itemDirections_56fc785d5accf1.97912779_1_0"	"PISA_lav-LVA_REA_R565-SittingDisease_en18_MS2022.xlf"
"3403"	"&lt;i&gt;Refer to “What is Microlending?” on the right."	"&lt;i&gt;Izmanto informāciju no raksta “Kas ir mikrokreditēšana?”, kas atrodas pa labi."	"R556_question2_itemDirections_56fc783ac2dd82.36710021_0_0"	"PISA_lav-LVA_REA_R556-Microlending_en18_MS2022.xlf"
"2103"	"False"	"Nepareizs"	"R545_question03_Q03tr1th3_56fc7821ad93b8.10756218_0"	"PISA_lav-LVA_REA_R545-MachuPicchu_en18_MS2022.xlf"
"1957"	"Click on either &lt;b&gt;Yes&lt;/b&gt; or &lt;b&gt;No&lt;/b&gt; for each statement."	"Noklikšķini uz &lt;b&gt;Jā&lt;/b&gt; vai &lt;b&gt;Nē&lt;/b&gt;  pie katra apgalvojuma."	"R544_question4_question4_1_56fc78217b0235.67596425_1_0"	"PISA_lav-LVA_REA_R544-Tesla_en18_MS2022.xlf"
"1313"	"False"	"Nepareizs"	"Q07_question_tr1th3_56fc7820d48d81.68230758_0"	"PISA_lav-LVA_REA_R541-Plastic_en18_MS2022.xlf"
"5163"	"Web Search"	"Meklējumi internetā"	"R567_stimulus3_pg03h1_56fc7879075bd6.57758343_0"	"PISA_lav-LVA_REA_R567-SmokeJumpers_en18_MS2022.xlf"
"2316"	"Click on a choice to answer the question.&lt;/i&gt;"	"Noklikšķini uz atbildes varianta, lai atbildētu uz jautājumu. &lt;/i&gt;"	"R547_question6_itemDirections_56fc782e0d8454.46459147_1_0"	"PISA_lav-LVA_REA_R547-BookSurvey_en18_MS2022.xlf"
"3218"	"Then click on the NEXT arrow.&lt;/i&gt;"	"Tad noklikšķini uz bultiņas.&lt;/i&gt;"	"question00b_1_itemDirections0b_56fc784a5b0b61.65001921_1_0"	"PISA_lav-LVA_REA_R553-HealthForum_en18_MS2022.xlf"
"5542"	"True"	"Pareizs"	"R568_question02_q02tr1th2_56fc784aa47db9.34290218_0"	"PISA_lav-LVA_REA_R568-SpaceDebris_en18_MS2022.xlf"
"1050"	"&lt;b&gt;2/ Complete&lt;/b&gt; the form below.&lt;br /&gt; &lt;b&gt;3/ Attach&lt;/b&gt; a copy of your proof of purchase as well as the bar code(s) or price tag(s) of the original products.&lt;br /&gt; &lt;b&gt;4/ Send&lt;/b&gt;, within 15 days of purchase, to the following address:&lt;br /&gt;"	"&lt;b&gt;2) Aizpildiet zemāk doto&lt;/b&gt; pieteikumu.&lt;br /&gt; &lt;b&gt;3) Pievienojiet&lt;/b&gt; pirkuma kvīts kopiju un nopirkto produktu svītru kodu (-s) vai cenas zīmi (-es).&lt;br /&gt; &lt;b&gt;4) Nosūtiet&lt;/b&gt;15 dienu laikā pēc pirkuma izdarīšanas uz sekojošu adresi:&lt;br /&gt;"	"R466_stimulus_section2_50d37b1d103224.56881726_0"	"PISA_lav-LVA_REA_R466-WorkRight_en15_MS2022.xlf"
"4334"	"Click on a choice and then type an explanation to answer the question."	"Noklikšķini uz atbildes varianta, un tad uzraksti skaidrojumu, lai atbildētu uz jautājumu."	"R562_question06_q06itemDirections_56fc783b465e44.74175451_1_0"	"PISA_lav-LVA_REA_R562-OpeningNight_en18_MS2022.xlf"
"5534"	"&lt;b&gt;Space Debris&lt;/b&gt;&lt;br /&gt;"	"&lt;b&gt;Kosmosa atkritumi &lt;/b&gt;&lt;br /&gt;"	"R568_question02_q02itemTitle_56fc784aa46be8.52597025_0_0"	"PISA_lav-LVA_REA_R568-SpaceDebris_en18_MS2022.xlf"
"2058"	"Then click on the NEXT arrow."	"tad noklikšķini uz bultiņas."	"R545_question00_q00itemDirections_56fc7821a9d332.06999644_1_0"	"PISA_lav-LVA_REA_R545-MachuPicchu_en18_MS2022.xlf"
"2012"	"&lt;i&gt;Refer to “Man of the Future” on the right."	"&lt;i&gt;Izpildi uzdevumus, balstoties uz informāciju, kas dota tekstā &quot;Nākotnes cilvēks&quot; labajā pusē."	"R544_question9_itemDirections_56fc782181a288.51990939_0_0"	"PISA_lav-LVA_REA_R544-Tesla_en18_MS2022.xlf"
"2175"	"www.zedtownhigh.library.surveyresults.edu"	"www.zedtaunasvsk.biblioteka.aptaujasrezultati.edu"	"Page2_stimulus_urlTxt_56fc782df090a6.46137641_0"	"PISA_lav-LVA_REA_R547-BookSurvey_en18_MS2022.xlf"
"3660"	"Click on a choice to answer the question.&lt;/i&gt;"	"Noklikšķini uz atbildes varianta, lai atbildētu uz jautājumu. &lt;/i&gt;"	"R558_question_itemDirections_56fc786b0b1541.82805878_1_0"	"PISA_lav-LVA_REA_R558-MicrowaveOvens_en18_MS2022.xlf"
"1049"	"&gt; For purchases between £60 and £149.99, Work Right will reimburse you £20.&lt;br /&gt; &gt; For purchases between £150 and £299.99, Work Right will reimburse you £50.&lt;br /&gt; &gt; For purchases of £300 or more, Work Right will reimburse you £100.&lt;br /&gt;"	"&gt; O-Birojs atmaksā €&lt;span id=&quot;q3key&quot;&gt;20&lt;/span&gt; pirkumiem no €60 līdz €149,99.&lt;br /&gt; &gt; O-Birojs atmaksā €50 pirkumiem no €150 līdz €299,99.&lt;br /&gt; &gt; O-Birojs atmaksā €100 pirkumiem no €300 un vairāk. &lt;br /&gt;"	"R466_stimulus_line5_50d37b1d102f90.98551002_0"	"PISA_lav-LVA_REA_R466-WorkRight_en15_MS2022.xlf"
"2292"	"&lt;b&gt;Book Survey&lt;/b&gt;&lt;br /&gt;"	"&lt;b&gt; Grāmatu aptauja&lt;/b&gt;&lt;br /&gt;"	"R547_question01_itemTitle_56fc782e09fa97.18259824_0_0"	"PISA_lav-LVA_REA_R547-BookSurvey_en18_MS2022.xlf"
"1673"	"Click on a choice to answer the question.&lt;/i&gt;"	"Noklikšķini uz atbildes varianta, lai atbildētu uz jautājumu. &lt;/i&gt;"	"R543_question2_itemDirections_56fc7821351641.10631472_1_0"	"PISA_lav-LVA_REA_R543-Nobel_en18_MS2022.xlf"
"392"	"&lt;b&gt;South Pole&lt;/b&gt;&lt;br /&gt; Question"	"&lt;b&gt;DIENVIDPOLS&lt;/b&gt;&lt;br /&gt; jautājums"	"R220_question_itemTitle_50d3746bcb43c5.80450549_0"	"PISA_lav-LVA_REA_R220-SouthPole_en15_MS2022.xlf"
"5642"	"&lt;b&gt;Space Debris&lt;/b&gt;&lt;br /&gt;"	"&lt;b&gt;Kosmosa atkritumi &lt;/b&gt;&lt;br /&gt;"	"q0a-body_itemTitle0a_56fc784ab0bb14.87991620_0"	"PISA_lav-LVA_REA_R568-SpaceDebris_en18_MS2022.xlf"
"895"	"False"	"Nē"	"R455_question_tr1th3_50d3703a90c281.68114340_0"	"PISA_lav-LVA_REA_R455-ChocolateAndHealth_en15_MS2022.xlf"
"4113"	"Then click on the NEXT arrow."	"tad noklikšķini uz bultiņas."	"q00b-body_q00b-p1_56fc785d264c41.70943658_1_0"	"PISA_lav-LVA_REA_R561-OlympicFlag_en18_MS2022.xlf"
"4942"	"Website"	"Interneta vietne"	"R566_Stimulus03_stimulus3_6_56fc786b74d361.28053469_0"	"PISA_lav-LVA_REA_R566-SkelligRocks_en18_MS2022.xlf"
"407"	"&lt;b&gt;South Pole&lt;/b&gt;&lt;br /&gt; Question"	"&lt;b&gt;DIENVIDPOLS&lt;/b&gt;&lt;br /&gt; jautājums"	"R220_question_itemTitle_50d3746bccfeb6.33678152_0"	"PISA_lav-LVA_REA_R220-SouthPole_en15_MS2022.xlf"
"1854"	"Click on the NEXT arrow to read the second source."	"Uzklikšķini uz bultiņas un izlasi otro informācija avotu."	"question0b_1_q00p2_56fc7821660387.38299255_0"	"PISA_lav-LVA_REA_R544-Tesla_en18_MS2022.xlf"
"5618"	"&lt;b&gt;Space Debris&lt;/b&gt;&lt;br /&gt;"	"&lt;b&gt;Kosmosa atkritumi &lt;/b&gt;&lt;br /&gt;"	"R568_question08_q08itemTitle_56fc784aadb900.51172431_0_0"	"PISA_lav-LVA_REA_R568-SpaceDebris_en18_MS2022.xlf"
"2537"	"&lt;b&gt;Message in a Bottle&lt;/b&gt;&lt;br /&gt;"	"&lt;b&gt;Vēstule pudelē &lt;/b&gt;&lt;br /&gt;"	"R549_question04_q04itemTitle_56fc786ad05194.81153432_0_0"	"PISA_lav-LVA_REA_R549-MessageInABottle_en18_MS2022.xlf"
"1723"	"Click on a choice to answer the question.&lt;/i&gt;"	"Noklikšķini uz atbildes varianta, lai atbildētu uz jautājumu. &lt;/i&gt;"	"R543_question6_itemDirections_56fc78213bd0d4.70959990_1_0"	"PISA_lav-LVA_REA_R543-Nobel_en18_MS2022.xlf"
"5270"	"False"	"Nepareizs"	"R567_question05_q05tr1th3_56fc787910fb30.40248662_0"	"PISA_lav-LVA_REA_R567-SmokeJumpers_en18_MS2022.xlf"
"1228"	"Then click on the NEXT arrow."	"Tad noklikšķini uz bultiņas."	"R541_question_q00introDirections_56fc7820cc9fa3.35314138_1_0"	"PISA_lav-LVA_REA_R541-Plastic_en18_MS2022.xlf"
"2736"	"Hours"	"&lt;b&gt;Darba laiks&lt;/b&gt;"	"R550_hours_r0c2_56fc785ccf94b6.67315688_0"	"PISA_lav-LVA_REA_R550-CliffPalace_en18_MS2022.xlf"
"5024"	"✓ &lt;i&gt;Remember to select &lt;b&gt;one or more&lt;/b&gt; boxes.&lt;/i&gt;"	"&amp;check; &lt;i&gt;Neaizmirsti atzīmēt &lt;b&gt;vienu vai vairākus &lt;/b&gt;lodziņus.&lt;/i&gt;"	"R566_question01_q01p2_56fc786b7f01a9.64276582_0"	"PISA_lav-LVA_REA_R566-SkelligRocks_en18_MS2022.xlf"
"5740"	"Then click on the NEXT arrow."	"tad noklikšķini uz bultiņas."	"q00a-body_q00a-itemDirections_56fc78794b5369.48599087_1_0"	"PISA_lav-LVA_REA_R569-TheCleanup_en18_MS2022.xlf"
"5006"	"&lt;b&gt;The Skellig Rocks&lt;/b&gt;&lt;br /&gt;"	"&lt;b&gt;Skeligrokas salas &lt;/b&gt;&lt;br /&gt;"	"q00b-body_itemTitle00b_56fc786b7c7408.77454414_0"	"PISA_lav-LVA_REA_R566-SkelligRocks_en18_MS2022.xlf"
"5269"	"True"	"Pareizs"	"R567_question05_q05tr1th2_56fc787910f8b1.79894974_0"	"PISA_lav-LVA_REA_R567-SmokeJumpers_en18_MS2022.xlf"
"5577"	"Refer to the Web Search on the right."	"Izmanto informāciju no tīmekļa meklēšanas, kas atrodas pa labi."	"R568_question05_q05itemDirections_56fc784aa8cd49.98790140_0_0"	"PISA_lav-LVA_REA_R568-SpaceDebris_en18_MS2022.xlf"
"2125"	"Refer to “Visit Majestic Machu Picchu” on the right."	"Izmanto informāciju &quot;Apmeklējiet majestātisko Maču Pikču&quot;, kas atrodas pa labi."	"R545_question02_Q06itemDirections_56fc7821b05912.78337269_0_0"	"PISA_lav-LVA_REA_R545-MachuPicchu_en18_MS2022.xlf"
"2312"	"&lt;b&gt;Book Survey&lt;/b&gt;&lt;br /&gt;"	"&lt;b&gt; Grāmatu aptauja&lt;/b&gt;&lt;br /&gt;"	"R547_question6_itemTitle_56fc782e0d7d28.14791330_0_0"	"PISA_lav-LVA_REA_R547-BookSurvey_en18_MS2022.xlf"
"583"	"latitude"	"Platuma
grādi"	"R220_stimulus_label1_50d3746bdc6fb4.64182930_0"	"PISA_lav-LVA_REA_R220-SouthPole_en15_MS2022.xlf"
"488"	"&lt;b&gt;SOUTH POLE - Document 1&lt;/b&gt;"	"&lt;b&gt;DIENVIDPOLS &amp;mdash; 1. DOKUMENTS  &lt;/b&gt;"	"R220_stimulus_title_50d3746bd36dc4.45087672_0"	"PISA_lav-LVA_REA_R220-SouthPole_en15_MS2022.xlf"
"2801"	"Autumn"	"Rudenī"	"R550_question01_question01_5_56fc785cdd6f33.13931411_0"	"PISA_lav-LVA_REA_R550-CliffPalace_en18_MS2022.xlf"
"5991"	"Click on either &lt;b&gt;Yes&lt;/b&gt; or &lt;b&gt;No&lt;/b&gt; for each activity."	"Noklikšķini uz &lt;b&gt;Jā&lt;/b&gt; vai &lt;b&gt;Nē&lt;/b&gt; līdzās katrai nodarbei."	"R570_question04_q04p1_56fc78797ba9b4.63482118_1_0"	"PISA_lav-LVA_REA_R570-TheFavour_en18_MS2022.xlf"
"5267"	"Click on either &lt;b&gt;True&lt;/b&gt; or &lt;b&gt;False&lt;/b&gt; for each statement."	"Noklikšķini uz &lt;b&gt;Pareizs&lt;/b&gt; vai &lt;b&gt;Nepareizs&lt;/b&gt; pie katra apgalvojuma."	"R567_question05_q05p1_56fc787910f162.59215709_1_0"	"PISA_lav-LVA_REA_R567-SmokeJumpers_en18_MS2022.xlf"
"5217"	"✓ &lt;i&gt;Remember to select &lt;b&gt;one or more&lt;/b&gt; boxes.&lt;/i&gt;"	"&amp;check; &lt;i&gt;Neaizmirsti atzīmēt &lt;b&gt;vienu vai vairākus &lt;/b&gt;lodziņus.&lt;/i&gt;"	"R567_question01_q01p2_56fc78790bc0f7.07074059_0"	"PISA_lav-LVA_REA_R567-SmokeJumpers_en18_MS2022.xlf"
"3626"	"Click on a choice to answer the question.&lt;/i&gt;"	"Noklikšķini uz atbildes varianta, lai atbildētu uz jautājumu. &lt;/i&gt;"	"R558_question01_itemDirections_56fc786b088cb0.75370623_1_0"	"PISA_lav-LVA_REA_R558-MicrowaveOvens_en18_MS2022.xlf"
"3618"	"Then click on the NEXT arrow.&lt;/i&gt;"	"Tad noklikšķini uz bultiņas.&lt;/i&gt;"	"question00b_1_itemDirections00_56fc786b079021.97854133_1_0"	"PISA_lav-LVA_REA_R558-MicrowaveOvens_en18_MS2022.xlf"
"2785"	"Then click on the NEXT arrow."	"tad noklikšķini uz bultiņas."	"q00body_q00itemDirections_56fc785cdb7056.90765917_1_0"	"PISA_lav-LVA_REA_R550-CliffPalace_en18_MS2022.xlf"
"1915"	"Click on the choices in the table to answer the question.&lt;/i&gt;"	"Izvēlies atbildi tabulā un uzklikšķini uz tās.&lt;/i&gt;"	"R544_question13_itemDirections_56fc7821777325.89058352_1_0"	"PISA_lav-LVA_REA_R544-Tesla_en18_MS2022.xlf"
"6043"	"Click on a choice to answer the question."	"Izvēlies atbildi uz jautājumu un uzklikšķini uz tās."	"R570_question07_q07itemDirections_56fc787980d0d7.70659870_1_0"	"PISA_lav-LVA_REA_R570-TheFavour_en18_MS2022.xlf"
"2246"	"&lt;b&gt;Book Survey&lt;/b&gt;"	"&lt;b&gt; Grāmatu aptauja&lt;/b&gt;"	"q00bbody_itemTitle00_56fc782e028a30.40910250_0"	"PISA_lav-LVA_REA_R547-BookSurvey_en18_MS2022.xlf"
"2080"	"&lt;b&gt;Machu Picchu&lt;/b&gt;&lt;br /&gt;"	"&lt;b&gt;Makču Pikču &lt;/b&gt;&lt;br /&gt;"	"R545_question02_Q02itemTitle_56fc7821ac0763.17480802_0_0"	"PISA_lav-LVA_REA_R545-MachuPicchu_en18_MS2022.xlf"
"5652"	"&lt;b&gt;Space Debris&lt;/b&gt;&lt;br /&gt;"	"&lt;b&gt;Kosmosa atkritumi &lt;/b&gt;&lt;br /&gt;"	"R568_question10_q10itemTitle_56fc784ab367b0.46687872_0_0"	"PISA_lav-LVA_REA_R568-SpaceDebris_en18_MS2022.xlf"
"894"	"True"	"Jā"	"R455_question_tr1th2_50d3703a90c003.02213002_0"	"PISA_lav-LVA_REA_R455-ChocolateAndHealth_en15_MS2022.xlf"
"4276"	"Then click on the NEXT arrow."	"tad noklikšķini uz bultiņas."	"q00body_q00itemDirections_56fc783b3f8a36.71119956_1_0"	"PISA_lav-LVA_REA_R562-OpeningNight_en18_MS2022.xlf"
"4300"	"&lt;b&gt;Opening Night&lt;/b&gt;&lt;br /&gt;"	"&lt;b&gt;Pirmizrāde&lt;/b&gt;&lt;br /&gt;"	"R562_question03_q03itemTitle_56fc783b427b88.62517421_0_0"	"PISA_lav-LVA_REA_R562-OpeningNight_en18_MS2022.xlf"
"2379"	"Science Fiction&lt;br/&gt;11%"	"Zinātniskā fantastika &lt;br/&gt;11%"	"R547_question10_scifiLbl_56fc782e14b6f5.06976649_0"	"PISA_lav-LVA_REA_R547-BookSurvey_en18_MS2022.xlf"
"2799"	"Spring"	"Pavasarī"	"R550_question01_question01_3_56fc785cdd6460.09428460_0"	"PISA_lav-LVA_REA_R550-CliffPalace_en18_MS2022.xlf"
"2139"	"Refer to “Visit Majestic Machu Picchu” on the right."	"Izmanto informāciju &quot;Apmeklējiet majestātisko Maču Pikču&quot;, kas atrodas pa labi."	"R545_question02_Q07itemDirections_56fc7821b1ae23.99363686_0_0"	"PISA_lav-LVA_REA_R545-MachuPicchu_en18_MS2022.xlf"
"5646"	"Click on the NEXT arrow to read the webpage."	"Noklikšķini uz bultiņas, lai izlasītu vietni."	"q0a-body_q0a-p2_56fc784ab0c4f8.74675205_0"	"PISA_lav-LVA_REA_R568-SpaceDebris_en18_MS2022.xlf"
"4309"	"Click on a sentence in the story to answer the question."	"Atrodi stāstā teikumu, kas dod atbildi uz jautājumu, un noklikšķini uz tā."	"R562_question03_q03p3_56fc783b428b54.59101867_0"	"PISA_lav-LVA_REA_R562-OpeningNight_en18_MS2022.xlf"
"301"	"T"	"C"	"R219_stimulus_stimulus_7_50d36dababcc36.40255469_0"	"PISA_lav-LVA_REA_R219-Employment_en15_MS2022.xlf"
"1631"	"Then click on the NEXT arrow."	"tad noklikšķini uz bultiņas."	"question0b_1_itemDirections00_56fc7821309e26.00768085_1_0"	"PISA_lav-LVA_REA_R543-Nobel_en18_MS2022.xlf"
"5804"	"&lt;b&gt;The Cleanup&lt;/b&gt;&lt;br /&gt;"	"&lt;b&gt; Talka&lt;/b&gt;&lt;br /&gt;"	"q4R569_question_q04itemTitle_56fc787951e5f1.30552462_0_0"	"PISA_lav-LVA_REA_R569-TheCleanup_en18_MS2022.xlf"
"4167"	"True"	"Patiess"	"R561_question04_q04tr1th2_56fc785d2bc6f9.19184840_0"	"PISA_lav-LVA_REA_R561-OlympicFlag_en18_MS2022.xlf"
"1545"	"Tutors for All"	"Privātskolotāji visos priekšmetos"	"Q08R542_question_question8_6_56fc7821105e50.84474711_0"	"PISA_lav-LVA_REA_R542-BulletinBoard_en18_MS2022.xlf"
